<?xml version='1.0' encoding='UTF-8'?>
<faces-config version="4.0"
              xmlns="https://jakarta.ee/xml/ns/jakartaee"
              xmlns:xsi="http://www.w3.org/2001/XMLSchema-instance"
              xsi:schemaLocation="https://jakarta.ee/xml/ns/jakartaee https://jakarta.ee/xml/ns/jakartaee/web-facesconfig_4_0.xsd">
    <application>
        <resource-bundle>
            <base-name>mensajes_es</base-name>
            <var>msg</var>
        </resource-bundle>
        <locale-config>
            <default-locale>es</default-locale>
        </locale-config>
    </application>

</faces-config>
